state,avg_size,median_size,avg_tuition,school_count
TX,3313.994652406417,436.0,14347.700534759359,406
